-- ========================================
-- SCRIPT SQL POUR REMPLIR LA BASE DE DONNÉES NOVA TRANSPORT
-- Au moins 50 exemples par table
-- Exécuter dans Supabase SQL Editor
-- ========================================

-- ========================================
-- 1. TABLE USER (60 utilisateurs)
-- Mot de passe hashé = "password123" pour tous
-- ========================================

INSERT INTO "User" (id, email, password, role, nom, prenom, telephone, "pieceIdentite", "createdAt", "updatedAt") VALUES
('user_admin_001', 'admin@nova.sn', '$2a$10$K7L1MtJ0N0WDVhNaaxhOAu7cqIXxMrku19fEZcWYWxYxP5fKdtYKi', 'ADMIN', 'Diop', 'Amadou', '+221771234567', 'CNI123456', NOW(), NOW()),
('user_001', 'fatou.sall@email.sn', '$2a$10$K7L1MtJ0N0WDVhNaaxhOAu7cqIXxMrku19fEZcWYWxYxP5fKdtYKi', 'CLIENT', 'Sall', 'Fatou', '+221771000001', 'CNI000001', NOW(), NOW()),
('user_002', 'moussa.ndiaye@email.sn', '$2a$10$K7L1MtJ0N0WDVhNaaxhOAu7cqIXxMrku19fEZcWYWxYxP5fKdtYKi', 'CLIENT', 'Ndiaye', 'Moussa', '+221771000002', 'CNI000002', NOW(), NOW()),
('user_003', 'aissatou.ba@email.sn', '$2a$10$K7L1MtJ0N0WDVhNaaxhOAu7cqIXxMrku19fEZcWYWxYxP5fKdtYKi', 'CLIENT', 'Ba', 'Aissatou', '+221771000003', 'CNI000003', NOW(), NOW()),
('user_004', 'ibrahima.fall@email.sn', '$2a$10$K7L1MtJ0N0WDVhNaaxhOAu7cqIXxMrku19fEZcWYWxYxP5fKdtYKi', 'CLIENT', 'Fall', 'Ibrahima', '+221771000004', 'CNI000004', NOW(), NOW()),
('user_005', 'mariama.sy@email.sn', '$2a$10$K7L1MtJ0N0WDVhNaaxhOAu7cqIXxMrku19fEZcWYWxYxP5fKdtYKi', 'CLIENT', 'Sy', 'Mariama', '+221771000005', 'CNI000005', NOW(), NOW()),
('user_006', 'ousmane.diallo@email.sn', '$2a$10$K7L1MtJ0N0WDVhNaaxhOAu7cqIXxMrku19fEZcWYWxYxP5fKdtYKi', 'CLIENT', 'Diallo', 'Ousmane', '+221771000006', 'CNI000006', NOW(), NOW()),
('user_007', 'khady.gueye@email.sn', '$2a$10$K7L1MtJ0N0WDVhNaaxhOAu7cqIXxMrku19fEZcWYWxYxP5fKdtYKi', 'CLIENT', 'Gueye', 'Khady', '+221771000007', 'CNI000007', NOW(), NOW()),
('user_008', 'cheikh.cisse@email.sn', '$2a$10$K7L1MtJ0N0WDVhNaaxhOAu7cqIXxMrku19fEZcWYWxYxP5fKdtYKi', 'CLIENT', 'Cisse', 'Cheikh', '+221771000008', 'CNI000008', NOW(), NOW()),
('user_009', 'awa.toure@email.sn', '$2a$10$K7L1MtJ0N0WDVhNaaxhOAu7cqIXxMrku19fEZcWYWxYxP5fKdtYKi', 'CLIENT', 'Toure', 'Awa', '+221771000009', 'CNI000009', NOW(), NOW()),
('user_010', 'mamadou.kane@email.sn', '$2a$10$K7L1MtJ0N0WDVhNaaxhOAu7cqIXxMrku19fEZcWYWxYxP5fKdtYKi', 'CLIENT', 'Kane', 'Mamadou', '+221771000010', 'CNI000010', NOW(), NOW()),
('user_011', 'aminata.dieng@email.sn', '$2a$10$K7L1MtJ0N0WDVhNaaxhOAu7cqIXxMrku19fEZcWYWxYxP5fKdtYKi', 'CLIENT', 'Dieng', 'Aminata', '+221771000011', 'CNI000011', NOW(), NOW()),
('user_012', 'abdoulaye.mbaye@email.sn', '$2a$10$K7L1MtJ0N0WDVhNaaxhOAu7cqIXxMrku19fEZcWYWxYxP5fKdtYKi', 'CLIENT', 'Mbaye', 'Abdoulaye', '+221771000012', 'CNI000012', NOW(), NOW()),
('user_013', 'ndeye.faye@email.sn', '$2a$10$K7L1MtJ0N0WDVhNaaxhOAu7cqIXxMrku19fEZcWYWxYxP5fKdtYKi', 'CLIENT', 'Faye', 'Ndeye', '+221771000013', 'CNI000013', NOW(), NOW()),
('user_014', 'modou.sarr@email.sn', '$2a$10$K7L1MtJ0N0WDVhNaaxhOAu7cqIXxMrku19fEZcWYWxYxP5fKdtYKi', 'CLIENT', 'Sarr', 'Modou', '+221771000014', 'CNI000014', NOW(), NOW()),
('user_015', 'coumba.thiam@email.sn', '$2a$10$K7L1MtJ0N0WDVhNaaxhOAu7cqIXxMrku19fEZcWYWxYxP5fKdtYKi', 'CLIENT', 'Thiam', 'Coumba', '+221771000015', 'CNI000015', NOW(), NOW()),
('user_016', 'pape.seck@email.sn', '$2a$10$K7L1MtJ0N0WDVhNaaxhOAu7cqIXxMrku19fEZcWYWxYxP5fKdtYKi', 'CLIENT', 'Seck', 'Pape', '+221771000016', 'CNI000016', NOW(), NOW()),
('user_017', 'rokhaya.wade@email.sn', '$2a$10$K7L1MtJ0N0WDVhNaaxhOAu7cqIXxMrku19fEZcWYWxYxP5fKdtYKi', 'CLIENT', 'Wade', 'Rokhaya', '+221771000017', 'CNI000017', NOW(), NOW()),
('user_018', 'babacar.diouf@email.sn', '$2a$10$K7L1MtJ0N0WDVhNaaxhOAu7cqIXxMrku19fEZcWYWxYxP5fKdtYKi', 'CLIENT', 'Diouf', 'Babacar', '+221771000018', 'CNI000018', NOW(), NOW()),
('user_019', 'seynabou.niang@email.sn', '$2a$10$K7L1MtJ0N0WDVhNaaxhOAu7cqIXxMrku19fEZcWYWxYxP5fKdtYKi', 'CLIENT', 'Niang', 'Seynabou', '+221771000019', 'CNI000019', NOW(), NOW()),
('user_020', 'aliou.camara@email.sn', '$2a$10$K7L1MtJ0N0WDVhNaaxhOAu7cqIXxMrku19fEZcWYWxYxP5fKdtYKi', 'CLIENT', 'Camara', 'Aliou', '+221771000020', 'CNI000020', NOW(), NOW()),
('user_021', 'mame.lo@email.sn', '$2a$10$K7L1MtJ0N0WDVhNaaxhOAu7cqIXxMrku19fEZcWYWxYxP5fKdtYKi', 'CLIENT', 'Lo', 'Mame', '+221771000021', 'CNI000021', NOW(), NOW()),
('user_022', 'souleymane.dia@email.sn', '$2a$10$K7L1MtJ0N0WDVhNaaxhOAu7cqIXxMrku19fEZcWYWxYxP5fKdtYKi', 'CLIENT', 'Dia', 'Souleymane', '+221771000022', 'CNI000022', NOW(), NOW()),
('user_023', 'binta.ndoye@email.sn', '$2a$10$K7L1MtJ0N0WDVhNaaxhOAu7cqIXxMrku19fEZcWYWxYxP5fKdtYKi', 'CLIENT', 'Ndoye', 'Binta', '+221771000023', 'CNI000023', NOW(), NOW()),
('user_024', 'lamine.sow@email.sn', '$2a$10$K7L1MtJ0N0WDVhNaaxhOAu7cqIXxMrku19fEZcWYWxYxP5fKdtYKi', 'CLIENT', 'Sow', 'Lamine', '+221771000024', 'CNI000024', NOW(), NOW()),
('user_025', 'adama.gning@email.sn', '$2a$10$K7L1MtJ0N0WDVhNaaxhOAu7cqIXxMrku19fEZcWYWxYxP5fKdtYKi', 'CLIENT', 'Gning', 'Adama', '+221771000025', 'CNI000025', NOW(), NOW()),
('user_026', 'omar.samb@email.sn', '$2a$10$K7L1MtJ0N0WDVhNaaxhOAu7cqIXxMrku19fEZcWYWxYxP5fKdtYKi', 'CLIENT', 'Samb', 'Omar', '+221771000026', 'CNI000026', NOW(), NOW()),
('user_027', 'dieynaba.tall@email.sn', '$2a$10$K7L1MtJ0N0WDVhNaaxhOAu7cqIXxMrku19fEZcWYWxYxP5fKdtYKi', 'CLIENT', 'Tall', 'Dieynaba', '+221771000027', 'CNI000027', NOW(), NOW()),
('user_028', 'serigne.mboup@email.sn', '$2a$10$K7L1MtJ0N0WDVhNaaxhOAu7cqIXxMrku19fEZcWYWxYxP5fKdtYKi', 'CLIENT', 'Mboup', 'Serigne', '+221771000028', 'CNI000028', NOW(), NOW()),
('user_029', 'yacine.gaye@email.sn', '$2a$10$K7L1MtJ0N0WDVhNaaxhOAu7cqIXxMrku19fEZcWYWxYxP5fKdtYKi', 'CLIENT', 'Gaye', 'Yacine', '+221771000029', 'CNI000029', NOW(), NOW()),
('user_030', 'demba.diaw@email.sn', '$2a$10$K7L1MtJ0N0WDVhNaaxhOAu7cqIXxMrku19fEZcWYWxYxP5fKdtYKi', 'CLIENT', 'Diaw', 'Demba', '+221771000030', 'CNI000030', NOW(), NOW()),
('user_031', 'astou.sene@email.sn', '$2a$10$K7L1MtJ0N0WDVhNaaxhOAu7cqIXxMrku19fEZcWYWxYxP5fKdtYKi', 'CLIENT', 'Sene', 'Astou', '+221771000031', 'CNI000031', NOW(), NOW()),
('user_032', 'malick.ndour@email.sn', '$2a$10$K7L1MtJ0N0WDVhNaaxhOAu7cqIXxMrku19fEZcWYWxYxP5fKdtYKi', 'CLIENT', 'Ndour', 'Malick', '+221771000032', 'CNI000032', NOW(), NOW()),
('user_033', 'khadija.barry@email.sn', '$2a$10$K7L1MtJ0N0WDVhNaaxhOAu7cqIXxMrku19fEZcWYWxYxP5fKdtYKi', 'CLIENT', 'Barry', 'Khadija', '+221771000033', 'CNI000033', NOW(), NOW()),
('user_034', 'moustapha.ndiaye2@email.sn', '$2a$10$K7L1MtJ0N0WDVhNaaxhOAu7cqIXxMrku19fEZcWYWxYxP5fKdtYKi', 'CLIENT', 'Ndiaye', 'Moustapha', '+221771000034', 'CNI000034', NOW(), NOW()),
('user_035', 'rama.diop@email.sn', '$2a$10$K7L1MtJ0N0WDVhNaaxhOAu7cqIXxMrku19fEZcWYWxYxP5fKdtYKi', 'CLIENT', 'Diop', 'Rama', '+221771000035', 'CNI000035', NOW(), NOW()),
('user_036', 'elhadji.fall@email.sn', '$2a$10$K7L1MtJ0N0WDVhNaaxhOAu7cqIXxMrku19fEZcWYWxYxP5fKdtYKi', 'CLIENT', 'Fall', 'Elhadji', '+221771000036', 'CNI000036', NOW(), NOW()),
('user_037', 'nafissatou.ba@email.sn', '$2a$10$K7L1MtJ0N0WDVhNaaxhOAu7cqIXxMrku19fEZcWYWxYxP5fKdtYKi', 'CLIENT', 'Ba', 'Nafissatou', '+221771000037', 'CNI000037', NOW(), NOW()),
('user_038', 'assane.sy@email.sn', '$2a$10$K7L1MtJ0N0WDVhNaaxhOAu7cqIXxMrku19fEZcWYWxYxP5fKdtYKi', 'CLIENT', 'Sy', 'Assane', '+221771000038', 'CNI000038', NOW(), NOW()),
('user_039', 'oumou.diallo@email.sn', '$2a$10$K7L1MtJ0N0WDVhNaaxhOAu7cqIXxMrku19fEZcWYWxYxP5fKdtYKi', 'CLIENT', 'Diallo', 'Oumou', '+221771000039', 'CNI000039', NOW(), NOW()),
('user_040', 'thierno.gueye@email.sn', '$2a$10$K7L1MtJ0N0WDVhNaaxhOAu7cqIXxMrku19fEZcWYWxYxP5fKdtYKi', 'CLIENT', 'Gueye', 'Thierno', '+221771000040', 'CNI000040', NOW(), NOW()),
('user_041', 'maimouna.cisse@email.sn', '$2a$10$K7L1MtJ0N0WDVhNaaxhOAu7cqIXxMrku19fEZcWYWxYxP5fKdtYKi', 'CLIENT', 'Cisse', 'Maimouna', '+221771000041', 'CNI000041', NOW(), NOW()),
('user_042', 'boubacar.toure@email.sn', '$2a$10$K7L1MtJ0N0WDVhNaaxhOAu7cqIXxMrku19fEZcWYWxYxP5fKdtYKi', 'CLIENT', 'Toure', 'Boubacar', '+221771000042', 'CNI000042', NOW(), NOW()),
('user_043', 'soda.kane@email.sn', '$2a$10$K7L1MtJ0N0WDVhNaaxhOAu7cqIXxMrku19fEZcWYWxYxP5fKdtYKi', 'CLIENT', 'Kane', 'Soda', '+221771000043', 'CNI000043', NOW(), NOW()),
('user_044', 'abdou.dieng@email.sn', '$2a$10$K7L1MtJ0N0WDVhNaaxhOAu7cqIXxMrku19fEZcWYWxYxP5fKdtYKi', 'CLIENT', 'Dieng', 'Abdou', '+221771000044', 'CNI000044', NOW(), NOW()),
('user_045', 'fatimata.mbaye@email.sn', '$2a$10$K7L1MtJ0N0WDVhNaaxhOAu7cqIXxMrku19fEZcWYWxYxP5fKdtYKi', 'CLIENT', 'Mbaye', 'Fatimata', '+221771000045', 'CNI000045', NOW(), NOW()),
('user_046', 'samba.faye@email.sn', '$2a$10$K7L1MtJ0N0WDVhNaaxhOAu7cqIXxMrku19fEZcWYWxYxP5fKdtYKi', 'CLIENT', 'Faye', 'Samba', '+221771000046', 'CNI000046', NOW(), NOW()),
('user_047', 'bineta.sarr@email.sn', '$2a$10$K7L1MtJ0N0WDVhNaaxhOAu7cqIXxMrku19fEZcWYWxYxP5fKdtYKi', 'CLIENT', 'Sarr', 'Bineta', '+221771000047', 'CNI000047', NOW(), NOW()),
('user_048', 'massamba.thiam@email.sn', '$2a$10$K7L1MtJ0N0WDVhNaaxhOAu7cqIXxMrku19fEZcWYWxYxP5fKdtYKi', 'CLIENT', 'Thiam', 'Massamba', '+221771000048', 'CNI000048', NOW(), NOW()),
('user_049', 'diary.seck@email.sn', '$2a$10$K7L1MtJ0N0WDVhNaaxhOAu7cqIXxMrku19fEZcWYWxYxP5fKdtYKi', 'CLIENT', 'Seck', 'Diary', '+221771000049', 'CNI000049', NOW(), NOW()),
('user_050', 'ibou.wade@email.sn', '$2a$10$K7L1MtJ0N0WDVhNaaxhOAu7cqIXxMrku19fEZcWYWxYxP5fKdtYKi', 'CLIENT', 'Wade', 'Ibou', '+221771000050', 'CNI000050', NOW(), NOW());

-- ========================================
-- 2. TABLE TRAJET (50 trajets)
-- ========================================

INSERT INTO "Trajet" (id, "villeDepart", "villeArrivee", distance, "dureeEstimee", "tarifBase", statut, "createdAt", "updatedAt") VALUES
('trajet_001', 'Dakar', 'Saint-Louis', 270, 240, 5000, 'DISPONIBLE', NOW(), NOW()),
('trajet_002', 'Dakar', 'Thiès', 70, 90, 2000, 'DISPONIBLE', NOW(), NOW()),
('trajet_003', 'Dakar', 'Mbour', 85, 100, 2500, 'DISPONIBLE', NOW(), NOW()),
('trajet_004', 'Dakar', 'Kaolack', 190, 180, 4000, 'DISPONIBLE', NOW(), NOW()),
('trajet_005', 'Dakar', 'Ziguinchor', 460, 420, 8000, 'DISPONIBLE', NOW(), NOW()),
('trajet_006', 'Dakar', 'Tambacounda', 465, 420, 8500, 'DISPONIBLE', NOW(), NOW()),
('trajet_007', 'Dakar', 'Touba', 200, 180, 4500, 'DISPONIBLE', NOW(), NOW()),
('trajet_008', 'Dakar', 'Fatick', 150, 150, 3500, 'DISPONIBLE', NOW(), NOW()),
('trajet_009', 'Dakar', 'Louga', 200, 180, 4000, 'DISPONIBLE', NOW(), NOW()),
('trajet_010', 'Dakar', 'Diourbel', 145, 140, 3500, 'DISPONIBLE', NOW(), NOW()),
('trajet_011', 'Saint-Louis', 'Dakar', 270, 240, 5000, 'DISPONIBLE', NOW(), NOW()),
('trajet_012', 'Saint-Louis', 'Louga', 70, 80, 2000, 'DISPONIBLE', NOW(), NOW()),
('trajet_013', 'Saint-Louis', 'Matam', 350, 300, 6500, 'DISPONIBLE', NOW(), NOW()),
('trajet_014', 'Thiès', 'Dakar', 70, 90, 2000, 'DISPONIBLE', NOW(), NOW()),
('trajet_015', 'Thiès', 'Mbour', 35, 45, 1500, 'DISPONIBLE', NOW(), NOW()),
('trajet_016', 'Thiès', 'Touba', 130, 120, 3000, 'DISPONIBLE', NOW(), NOW()),
('trajet_017', 'Mbour', 'Dakar', 85, 100, 2500, 'DISPONIBLE', NOW(), NOW()),
('trajet_018', 'Mbour', 'Kaolack', 110, 120, 3000, 'DISPONIBLE', NOW(), NOW()),
('trajet_019', 'Mbour', 'Saly', 5, 15, 500, 'DISPONIBLE', NOW(), NOW()),
('trajet_020', 'Kaolack', 'Dakar', 190, 180, 4000, 'DISPONIBLE', NOW(), NOW()),
('trajet_021', 'Kaolack', 'Tambacounda', 280, 260, 5500, 'DISPONIBLE', NOW(), NOW()),
('trajet_022', 'Kaolack', 'Ziguinchor', 280, 270, 5500, 'DISPONIBLE', NOW(), NOW()),
('trajet_023', 'Kaolack', 'Fatick', 45, 50, 1500, 'DISPONIBLE', NOW(), NOW()),
('trajet_024', 'Ziguinchor', 'Dakar', 460, 420, 8000, 'DISPONIBLE', NOW(), NOW()),
('trajet_025', 'Ziguinchor', 'Kolda', 150, 150, 3500, 'DISPONIBLE', NOW(), NOW()),
('trajet_026', 'Ziguinchor', 'Bignona', 30, 40, 1000, 'DISPONIBLE', NOW(), NOW()),
('trajet_027', 'Tambacounda', 'Dakar', 465, 420, 8500, 'DISPONIBLE', NOW(), NOW()),
('trajet_028', 'Tambacounda', 'Kedougou', 230, 240, 5000, 'DISPONIBLE', NOW(), NOW()),
('trajet_029', 'Tambacounda', 'Kaolack', 280, 260, 5500, 'DISPONIBLE', NOW(), NOW()),
('trajet_030', 'Touba', 'Dakar', 200, 180, 4500, 'DISPONIBLE', NOW(), NOW()),
('trajet_031', 'Touba', 'Mbacké', 10, 20, 500, 'DISPONIBLE', NOW(), NOW()),
('trajet_032', 'Touba', 'Kaolack', 90, 100, 2500, 'DISPONIBLE', NOW(), NOW()),
('trajet_033', 'Fatick', 'Dakar', 150, 150, 3500, 'DISPONIBLE', NOW(), NOW()),
('trajet_034', 'Fatick', 'Kaolack', 45, 50, 1500, 'DISPONIBLE', NOW(), NOW()),
('trajet_035', 'Louga', 'Dakar', 200, 180, 4000, 'DISPONIBLE', NOW(), NOW()),
('trajet_036', 'Louga', 'Saint-Louis', 70, 80, 2000, 'DISPONIBLE', NOW(), NOW()),
('trajet_037', 'Diourbel', 'Dakar', 145, 140, 3500, 'DISPONIBLE', NOW(), NOW()),
('trajet_038', 'Diourbel', 'Touba', 50, 60, 1500, 'DISPONIBLE', NOW(), NOW()),
('trajet_039', 'Matam', 'Saint-Louis', 350, 300, 6500, 'DISPONIBLE', NOW(), NOW()),
('trajet_040', 'Matam', 'Tambacounda', 200, 200, 4500, 'DISPONIBLE', NOW(), NOW()),
('trajet_041', 'Kolda', 'Ziguinchor', 150, 150, 3500, 'DISPONIBLE', NOW(), NOW()),
('trajet_042', 'Kolda', 'Tambacounda', 200, 200, 4500, 'DISPONIBLE', NOW(), NOW()),
('trajet_043', 'Kedougou', 'Tambacounda', 230, 240, 5000, 'DISPONIBLE', NOW(), NOW()),
('trajet_044', 'Saly', 'Mbour', 5, 15, 500, 'DISPONIBLE', NOW(), NOW()),
('trajet_045', 'Saly', 'Dakar', 80, 95, 2500, 'DISPONIBLE', NOW(), NOW()),
('trajet_046', 'Rufisque', 'Dakar', 25, 40, 1000, 'DISPONIBLE', NOW(), NOW()),
('trajet_047', 'Rufisque', 'Thiès', 45, 60, 1500, 'DISPONIBLE', NOW(), NOW()),
('trajet_048', 'Pikine', 'Dakar', 15, 30, 500, 'DISPONIBLE', NOW(), NOW()),
('trajet_049', 'Guédiawaye', 'Dakar', 18, 35, 500, 'DISPONIBLE', NOW(), NOW()),
('trajet_050', 'Richard-Toll', 'Saint-Louis', 100, 100, 2500, 'DISPONIBLE', NOW(), NOW());

-- ========================================
-- 3. TABLE VEHICULE (50 véhicules)
-- ========================================

INSERT INTO "Vehicule" (id, "numeroImmatriculation", marque, modele, "capaciteMaximale", statut, "createdAt", "updatedAt") VALUES
('vehicule_001', 'DK-1234-AA', 'Mercedes-Benz', 'Sprinter 516', 22, 'EN_SERVICE', NOW(), NOW()),
('vehicule_002', 'DK-1235-AB', 'Mercedes-Benz', 'Sprinter 516', 22, 'EN_SERVICE', NOW(), NOW()),
('vehicule_003', 'DK-1236-AC', 'Mercedes-Benz', 'Tourismo', 50, 'EN_SERVICE', NOW(), NOW()),
('vehicule_004', 'DK-1237-AD', 'Mercedes-Benz', 'Tourismo', 50, 'EN_SERVICE', NOW(), NOW()),
('vehicule_005', 'DK-1238-AE', 'Volvo', 'B9R', 55, 'EN_SERVICE', NOW(), NOW()),
('vehicule_006', 'DK-1239-AF', 'Volvo', 'B9R', 55, 'EN_SERVICE', NOW(), NOW()),
('vehicule_007', 'DK-1240-AG', 'Volvo', 'B11R', 60, 'EN_SERVICE', NOW(), NOW()),
('vehicule_008', 'DK-1241-AH', 'Scania', 'Touring', 55, 'EN_SERVICE', NOW(), NOW()),
('vehicule_009', 'DK-1242-AI', 'Scania', 'Touring', 55, 'EN_SERVICE', NOW(), NOW()),
('vehicule_010', 'DK-1243-AJ', 'Scania', 'Interlink', 50, 'EN_SERVICE', NOW(), NOW()),
('vehicule_011', 'DK-1244-AK', 'MAN', 'Lions Coach', 55, 'EN_SERVICE', NOW(), NOW()),
('vehicule_012', 'DK-1245-AL', 'MAN', 'Lions Coach', 55, 'EN_SERVICE', NOW(), NOW()),
('vehicule_013', 'DK-1246-AM', 'Iveco', 'Magelys', 50, 'EN_SERVICE', NOW(), NOW()),
('vehicule_014', 'DK-1247-AN', 'Iveco', 'Crossway', 45, 'EN_SERVICE', NOW(), NOW()),
('vehicule_015', 'DK-1248-AO', 'Toyota', 'Coaster', 30, 'EN_SERVICE', NOW(), NOW()),
('vehicule_016', 'DK-1249-AP', 'Toyota', 'Coaster', 30, 'EN_SERVICE', NOW(), NOW()),
('vehicule_017', 'DK-1250-AQ', 'Toyota', 'Hiace', 15, 'EN_SERVICE', NOW(), NOW()),
('vehicule_018', 'DK-1251-AR', 'Toyota', 'Hiace', 15, 'EN_SERVICE', NOW(), NOW()),
('vehicule_019', 'DK-1252-AS', 'Hyundai', 'County', 25, 'EN_SERVICE', NOW(), NOW()),
('vehicule_020', 'DK-1253-AT', 'Hyundai', 'County', 25, 'EN_SERVICE', NOW(), NOW()),
('vehicule_021', 'DK-1254-AU', 'Hyundai', 'Universe', 45, 'EN_SERVICE', NOW(), NOW()),
('vehicule_022', 'DK-1255-AV', 'King Long', 'XMQ6127', 50, 'EN_SERVICE', NOW(), NOW()),
('vehicule_023', 'DK-1256-AW', 'King Long', 'XMQ6127', 50, 'EN_SERVICE', NOW(), NOW()),
('vehicule_024', 'DK-1257-AX', 'Yutong', 'ZK6122H9', 55, 'EN_SERVICE', NOW(), NOW()),
('vehicule_025', 'DK-1258-AY', 'Yutong', 'ZK6122H9', 55, 'EN_SERVICE', NOW(), NOW()),
('vehicule_026', 'DK-1259-AZ', 'Yutong', 'ZK6107H', 45, 'EN_SERVICE', NOW(), NOW()),
('vehicule_027', 'DK-1260-BA', 'Golden Dragon', 'XML6127', 50, 'EN_SERVICE', NOW(), NOW()),
('vehicule_028', 'DK-1261-BB', 'Golden Dragon', 'XML6127', 50, 'EN_SERVICE', NOW(), NOW()),
('vehicule_029', 'DK-1262-BC', 'Higer', 'KLQ6122B', 55, 'EN_SERVICE', NOW(), NOW()),
('vehicule_030', 'DK-1263-BD', 'Higer', 'KLQ6109Q', 40, 'EN_SERVICE', NOW(), NOW()),
('vehicule_031', 'DK-1264-BE', 'Mercedes-Benz', 'Sprinter 519', 24, 'EN_SERVICE', NOW(), NOW()),
('vehicule_032', 'DK-1265-BF', 'Mercedes-Benz', 'Intouro', 45, 'EN_SERVICE', NOW(), NOW()),
('vehicule_033', 'DK-1266-BG', 'Volvo', 'B8R', 50, 'EN_SERVICE', NOW(), NOW()),
('vehicule_034', 'DK-1267-BH', 'Scania', 'Citywide', 40, 'EN_SERVICE', NOW(), NOW()),
('vehicule_035', 'DK-1268-BI', 'MAN', 'Lions Intercity', 50, 'EN_SERVICE', NOW(), NOW()),
('vehicule_036', 'DK-1269-BJ', 'Iveco', 'Daily', 20, 'EN_SERVICE', NOW(), NOW()),
('vehicule_037', 'DK-1270-BK', 'Ford', 'Transit', 18, 'EN_SERVICE', NOW(), NOW()),
('vehicule_038', 'DK-1271-BL', 'Ford', 'Transit', 18, 'EN_SERVICE', NOW(), NOW()),
('vehicule_039', 'DK-1272-BM', 'Renault', 'Master', 17, 'EN_SERVICE', NOW(), NOW()),
('vehicule_040', 'DK-1273-BN', 'Renault', 'Master', 17, 'EN_SERVICE', NOW(), NOW()),
('vehicule_041', 'DK-1274-BO', 'Volkswagen', 'Crafter', 19, 'EN_MAINTENANCE', NOW(), NOW()),
('vehicule_042', 'DK-1275-BP', 'Volkswagen', 'Crafter', 19, 'EN_MAINTENANCE', NOW(), NOW()),
('vehicule_043', 'DK-1276-BQ', 'Fiat', 'Ducato', 16, 'EN_SERVICE', NOW(), NOW()),
('vehicule_044', 'DK-1277-BR', 'Peugeot', 'Boxer', 17, 'EN_SERVICE', NOW(), NOW()),
('vehicule_045', 'DK-1278-BS', 'Citroën', 'Jumper', 17, 'EN_SERVICE', NOW(), NOW()),
('vehicule_046', 'DK-1279-BT', 'Nissan', 'NV400', 16, 'EN_SERVICE', NOW(), NOW()),
('vehicule_047', 'DK-1280-BU', 'Isuzu', 'Turquoise', 35, 'EN_SERVICE', NOW(), NOW()),
('vehicule_048', 'DK-1281-BV', 'Isuzu', 'Turquoise', 35, 'HORS_SERVICE', NOW(), NOW()),
('vehicule_049', 'DK-1282-BW', 'Ashok Leyland', 'Viking', 50, 'EN_SERVICE', NOW(), NOW()),
('vehicule_050', 'DK-1283-BX', 'Tata', 'Starbus', 45, 'EN_SERVICE', NOW(), NOW());

-- ========================================
-- 4. TABLE CONDUCTEUR (50 conducteurs)
-- ========================================

INSERT INTO "Conducteur" (id, nom, prenom, "numeroPermis", experience, "createdAt", "updatedAt") VALUES
('conducteur_001', 'Diop', 'Mamadou', 'PERM-SN-001', 15, NOW(), NOW()),
('conducteur_002', 'Ndiaye', 'Ibrahima', 'PERM-SN-002', 12, NOW(), NOW()),
('conducteur_003', 'Fall', 'Ousmane', 'PERM-SN-003', 10, NOW(), NOW()),
('conducteur_004', 'Sall', 'Cheikh', 'PERM-SN-004', 8, NOW(), NOW()),
('conducteur_005', 'Ba', 'Aliou', 'PERM-SN-005', 20, NOW(), NOW()),
('conducteur_006', 'Sy', 'Modou', 'PERM-SN-006', 7, NOW(), NOW()),
('conducteur_007', 'Diallo', 'Abdoulaye', 'PERM-SN-007', 14, NOW(), NOW()),
('conducteur_008', 'Gueye', 'Pape', 'PERM-SN-008', 11, NOW(), NOW()),
('conducteur_009', 'Cisse', 'Lamine', 'PERM-SN-009', 9, NOW(), NOW()),
('conducteur_010', 'Toure', 'Souleymane', 'PERM-SN-010', 16, NOW(), NOW()),
('conducteur_011', 'Kane', 'Babacar', 'PERM-SN-011', 13, NOW(), NOW()),
('conducteur_012', 'Dieng', 'Serigne', 'PERM-SN-012', 6, NOW(), NOW()),
('conducteur_013', 'Mbaye', 'Demba', 'PERM-SN-013', 18, NOW(), NOW()),
('conducteur_014', 'Faye', 'Malick', 'PERM-SN-014', 5, NOW(), NOW()),
('conducteur_015', 'Sarr', 'Omar', 'PERM-SN-015', 22, NOW(), NOW()),
('conducteur_016', 'Thiam', 'Moustapha', 'PERM-SN-016', 10, NOW(), NOW()),
('conducteur_017', 'Seck', 'Elhadji', 'PERM-SN-017', 8, NOW(), NOW()),
('conducteur_018', 'Wade', 'Assane', 'PERM-SN-018', 12, NOW(), NOW()),
('conducteur_019', 'Diouf', 'Thierno', 'PERM-SN-019', 15, NOW(), NOW()),
('conducteur_020', 'Niang', 'Boubacar', 'PERM-SN-020', 9, NOW(), NOW()),
('conducteur_021', 'Camara', 'Abdou', 'PERM-SN-021', 11, NOW(), NOW()),
('conducteur_022', 'Lo', 'Samba', 'PERM-SN-022', 7, NOW(), NOW()),
('conducteur_023', 'Dia', 'Massamba', 'PERM-SN-023', 14, NOW(), NOW()),
('conducteur_024', 'Ndoye', 'Fallou', 'PERM-SN-024', 6, NOW(), NOW()),
('conducteur_025', 'Sow', 'Mor', 'PERM-SN-025', 19, NOW(), NOW()),
('conducteur_026', 'Gning', 'Papa', 'PERM-SN-026', 10, NOW(), NOW()),
('conducteur_027', 'Samb', 'Youssou', 'PERM-SN-027', 8, NOW(), NOW()),
('conducteur_028', 'Tall', 'Ibou', 'PERM-SN-028', 13, NOW(), NOW()),
('conducteur_029', 'Mboup', 'Alioune', 'PERM-SN-029', 11, NOW(), NOW()),
('conducteur_030', 'Gaye', 'Daouda', 'PERM-SN-030', 17, NOW(), NOW()),
('conducteur_031', 'Diaw', 'Amadou', 'PERM-SN-031', 9, NOW(), NOW()),
('conducteur_032', 'Sene', 'Moussa', 'PERM-SN-032', 12, NOW(), NOW()),
('conducteur_033', 'Ndour', 'Cheikhou', 'PERM-SN-033', 8, NOW(), NOW()),
('conducteur_034', 'Barry', 'Mamoudou', 'PERM-SN-034', 15, NOW(), NOW()),
('conducteur_035', 'Diagne', 'Oumar', 'PERM-SN-035', 10, NOW(), NOW()),
('conducteur_036', 'Balde', 'Seydou', 'PERM-SN-036', 7, NOW(), NOW()),
('conducteur_037', 'Mendy', 'Joseph', 'PERM-SN-037', 14, NOW(), NOW()),
('conducteur_038', 'Gomis', 'Pierre', 'PERM-SN-038', 11, NOW(), NOW()),
('conducteur_039', 'Diedhiou', 'Jean', 'PERM-SN-039', 9, NOW(), NOW()),
('conducteur_040', 'Badji', 'Paul', 'PERM-SN-040', 16, NOW(), NOW()),
('conducteur_041', 'Manga', 'André', 'PERM-SN-041', 6, NOW(), NOW()),
('conducteur_042', 'Sagna', 'Michel', 'PERM-SN-042', 13, NOW(), NOW()),
('conducteur_043', 'Sonko', 'Ousmane', 'PERM-SN-043', 10, NOW(), NOW()),
('conducteur_044', 'Coly', 'Mamadou', 'PERM-SN-044', 8, NOW(), NOW()),
('conducteur_045', 'Diatta', 'Lamine', 'PERM-SN-045', 12, NOW(), NOW()),
('conducteur_046', 'Sambou', 'Ibrahima', 'PERM-SN-046', 15, NOW(), NOW()),
('conducteur_047', 'Bodian', 'Cheikh', 'PERM-SN-047', 7, NOW(), NOW()),
('conducteur_048', 'Bassene', 'Aliou', 'PERM-SN-048', 11, NOW(), NOW()),
('conducteur_049', 'Tendeng', 'Modou', 'PERM-SN-049', 9, NOW(), NOW()),
('conducteur_050', 'Mane', 'Abdoulaye', 'PERM-SN-050', 14, NOW(), NOW());

-- ========================================
-- 5. TABLE HORAIRE (60 horaires)
-- ========================================

INSERT INTO "Horaire" (id, "dateDepart", "dateArrivee", "trajetId", "vehiculeId", "conducteurId", "createdAt", "updatedAt") VALUES
('horaire_001', NOW() + INTERVAL '1 day' + INTERVAL '6 hours', NOW() + INTERVAL '1 day' + INTERVAL '10 hours', 'trajet_001', 'vehicule_001', 'conducteur_001', NOW(), NOW()),
('horaire_002', NOW() + INTERVAL '1 day' + INTERVAL '7 hours', NOW() + INTERVAL '1 day' + INTERVAL '8 hours 30 minutes', 'trajet_002', 'vehicule_002', 'conducteur_002', NOW(), NOW()),
('horaire_003', NOW() + INTERVAL '1 day' + INTERVAL '8 hours', NOW() + INTERVAL '1 day' + INTERVAL '9 hours 40 minutes', 'trajet_003', 'vehicule_003', 'conducteur_003', NOW(), NOW()),
('horaire_004', NOW() + INTERVAL '1 day' + INTERVAL '9 hours', NOW() + INTERVAL '1 day' + INTERVAL '12 hours', 'trajet_004', 'vehicule_004', 'conducteur_004', NOW(), NOW()),
('horaire_005', NOW() + INTERVAL '1 day' + INTERVAL '10 hours', NOW() + INTERVAL '1 day' + INTERVAL '17 hours', 'trajet_005', 'vehicule_005', 'conducteur_005', NOW(), NOW()),
('horaire_006', NOW() + INTERVAL '2 days' + INTERVAL '6 hours', NOW() + INTERVAL '2 days' + INTERVAL '10 hours', 'trajet_001', 'vehicule_006', 'conducteur_006', NOW(), NOW()),
('horaire_007', NOW() + INTERVAL '2 days' + INTERVAL '7 hours', NOW() + INTERVAL '2 days' + INTERVAL '8 hours 30 minutes', 'trajet_002', 'vehicule_007', 'conducteur_007', NOW(), NOW()),
('horaire_008', NOW() + INTERVAL '2 days' + INTERVAL '8 hours', NOW() + INTERVAL '2 days' + INTERVAL '9 hours 40 minutes', 'trajet_003', 'vehicule_008', 'conducteur_008', NOW(), NOW()),
('horaire_009', NOW() + INTERVAL '2 days' + INTERVAL '9 hours', NOW() + INTERVAL '2 days' + INTERVAL '12 hours', 'trajet_004', 'vehicule_009', 'conducteur_009', NOW(), NOW()),
('horaire_010', NOW() + INTERVAL '2 days' + INTERVAL '10 hours', NOW() + INTERVAL '2 days' + INTERVAL '17 hours', 'trajet_005', 'vehicule_010', 'conducteur_010', NOW(), NOW()),
('horaire_011', NOW() + INTERVAL '3 days' + INTERVAL '6 hours', NOW() + INTERVAL '3 days' + INTERVAL '13 hours', 'trajet_006', 'vehicule_011', 'conducteur_011', NOW(), NOW()),
('horaire_012', NOW() + INTERVAL '3 days' + INTERVAL '7 hours', NOW() + INTERVAL '3 days' + INTERVAL '10 hours', 'trajet_007', 'vehicule_012', 'conducteur_012', NOW(), NOW()),
('horaire_013', NOW() + INTERVAL '3 days' + INTERVAL '8 hours', NOW() + INTERVAL '3 days' + INTERVAL '10 hours 30 minutes', 'trajet_008', 'vehicule_013', 'conducteur_013', NOW(), NOW()),
('horaire_014', NOW() + INTERVAL '3 days' + INTERVAL '9 hours', NOW() + INTERVAL '3 days' + INTERVAL '12 hours', 'trajet_009', 'vehicule_014', 'conducteur_014', NOW(), NOW()),
('horaire_015', NOW() + INTERVAL '3 days' + INTERVAL '10 hours', NOW() + INTERVAL '3 days' + INTERVAL '12 hours 20 minutes', 'trajet_010', 'vehicule_015', 'conducteur_015', NOW(), NOW()),
('horaire_016', NOW() + INTERVAL '4 days' + INTERVAL '6 hours', NOW() + INTERVAL '4 days' + INTERVAL '10 hours', 'trajet_011', 'vehicule_016', 'conducteur_016', NOW(), NOW()),
('horaire_017', NOW() + INTERVAL '4 days' + INTERVAL '7 hours', NOW() + INTERVAL '4 days' + INTERVAL '8 hours 20 minutes', 'trajet_012', 'vehicule_017', 'conducteur_017', NOW(), NOW()),
('horaire_018', NOW() + INTERVAL '4 days' + INTERVAL '8 hours', NOW() + INTERVAL '4 days' + INTERVAL '13 hours', 'trajet_013', 'vehicule_018', 'conducteur_018', NOW(), NOW()),
('horaire_019', NOW() + INTERVAL '4 days' + INTERVAL '9 hours', NOW() + INTERVAL '4 days' + INTERVAL '10 hours 30 minutes', 'trajet_014', 'vehicule_019', 'conducteur_019', NOW(), NOW()),
('horaire_020', NOW() + INTERVAL '4 days' + INTERVAL '10 hours', NOW() + INTERVAL '4 days' + INTERVAL '10 hours 45 minutes', 'trajet_015', 'vehicule_020', 'conducteur_020', NOW(), NOW()),
('horaire_021', NOW() + INTERVAL '5 days' + INTERVAL '6 hours', NOW() + INTERVAL '5 days' + INTERVAL '8 hours', 'trajet_016', 'vehicule_021', 'conducteur_021', NOW(), NOW()),
('horaire_022', NOW() + INTERVAL '5 days' + INTERVAL '7 hours', NOW() + INTERVAL '5 days' + INTERVAL '8 hours 40 minutes', 'trajet_017', 'vehicule_022', 'conducteur_022', NOW(), NOW()),
('horaire_023', NOW() + INTERVAL '5 days' + INTERVAL '8 hours', NOW() + INTERVAL '5 days' + INTERVAL '10 hours', 'trajet_018', 'vehicule_023', 'conducteur_023', NOW(), NOW()),
('horaire_024', NOW() + INTERVAL '5 days' + INTERVAL '9 hours', NOW() + INTERVAL '5 days' + INTERVAL '9 hours 15 minutes', 'trajet_019', 'vehicule_024', 'conducteur_024', NOW(), NOW()),
('horaire_025', NOW() + INTERVAL '5 days' + INTERVAL '10 hours', NOW() + INTERVAL '5 days' + INTERVAL '13 hours', 'trajet_020', 'vehicule_025', 'conducteur_025', NOW(), NOW()),
('horaire_026', NOW() + INTERVAL '6 days' + INTERVAL '6 hours', NOW() + INTERVAL '6 days' + INTERVAL '10 hours 20 minutes', 'trajet_021', 'vehicule_026', 'conducteur_026', NOW(), NOW()),
('horaire_027', NOW() + INTERVAL '6 days' + INTERVAL '7 hours', NOW() + INTERVAL '6 days' + INTERVAL '11 hours 30 minutes', 'trajet_022', 'vehicule_027', 'conducteur_027', NOW(), NOW()),
('horaire_028', NOW() + INTERVAL '6 days' + INTERVAL '8 hours', NOW() + INTERVAL '6 days' + INTERVAL '8 hours 50 minutes', 'trajet_023', 'vehicule_028', 'conducteur_028', NOW(), NOW()),
('horaire_029', NOW() + INTERVAL '6 days' + INTERVAL '9 hours', NOW() + INTERVAL '6 days' + INTERVAL '16 hours', 'trajet_024', 'vehicule_029', 'conducteur_029', NOW(), NOW()),
('horaire_030', NOW() + INTERVAL '6 days' + INTERVAL '10 hours', NOW() + INTERVAL '6 days' + INTERVAL '12 hours 30 minutes', 'trajet_025', 'vehicule_030', 'conducteur_030', NOW(), NOW()),
('horaire_031', NOW() + INTERVAL '7 days' + INTERVAL '6 hours', NOW() + INTERVAL '7 days' + INTERVAL '6 hours 40 minutes', 'trajet_026', 'vehicule_031', 'conducteur_031', NOW(), NOW()),
('horaire_032', NOW() + INTERVAL '7 days' + INTERVAL '7 hours', NOW() + INTERVAL '7 days' + INTERVAL '14 hours', 'trajet_027', 'vehicule_032', 'conducteur_032', NOW(), NOW()),
('horaire_033', NOW() + INTERVAL '7 days' + INTERVAL '8 hours', NOW() + INTERVAL '7 days' + INTERVAL '12 hours', 'trajet_028', 'vehicule_033', 'conducteur_033', NOW(), NOW()),
('horaire_034', NOW() + INTERVAL '7 days' + INTERVAL '9 hours', NOW() + INTERVAL '7 days' + INTERVAL '13 hours 20 minutes', 'trajet_029', 'vehicule_034', 'conducteur_034', NOW(), NOW()),
('horaire_035', NOW() + INTERVAL '7 days' + INTERVAL '10 hours', NOW() + INTERVAL '7 days' + INTERVAL '13 hours', 'trajet_030', 'vehicule_035', 'conducteur_035', NOW(), NOW()),
('horaire_036', NOW() + INTERVAL '8 days' + INTERVAL '6 hours', NOW() + INTERVAL '8 days' + INTERVAL '6 hours 20 minutes', 'trajet_031', 'vehicule_036', 'conducteur_036', NOW(), NOW()),
('horaire_037', NOW() + INTERVAL '8 days' + INTERVAL '7 hours', NOW() + INTERVAL '8 days' + INTERVAL '8 hours 40 minutes', 'trajet_032', 'vehicule_037', 'conducteur_037', NOW(), NOW()),
('horaire_038', NOW() + INTERVAL '8 days' + INTERVAL '8 hours', NOW() + INTERVAL '8 days' + INTERVAL '10 hours 30 minutes', 'trajet_033', 'vehicule_038', 'conducteur_038', NOW(), NOW()),
('horaire_039', NOW() + INTERVAL '8 days' + INTERVAL '9 hours', NOW() + INTERVAL '8 days' + INTERVAL '9 hours 50 minutes', 'trajet_034', 'vehicule_039', 'conducteur_039', NOW(), NOW()),
('horaire_040', NOW() + INTERVAL '8 days' + INTERVAL '10 hours', NOW() + INTERVAL '8 days' + INTERVAL '13 hours', 'trajet_035', 'vehicule_040', 'conducteur_040', NOW(), NOW()),
('horaire_041', NOW() + INTERVAL '9 days' + INTERVAL '6 hours', NOW() + INTERVAL '9 days' + INTERVAL '7 hours 20 minutes', 'trajet_036', 'vehicule_043', 'conducteur_041', NOW(), NOW()),
('horaire_042', NOW() + INTERVAL '9 days' + INTERVAL '7 hours', NOW() + INTERVAL '9 days' + INTERVAL '9 hours 20 minutes', 'trajet_037', 'vehicule_044', 'conducteur_042', NOW(), NOW()),
('horaire_043', NOW() + INTERVAL '9 days' + INTERVAL '8 hours', NOW() + INTERVAL '9 days' + INTERVAL '9 hours', 'trajet_038', 'vehicule_045', 'conducteur_043', NOW(), NOW()),
('horaire_044', NOW() + INTERVAL '9 days' + INTERVAL '9 hours', NOW() + INTERVAL '9 days' + INTERVAL '14 hours', 'trajet_039', 'vehicule_046', 'conducteur_044', NOW(), NOW()),
('horaire_045', NOW() + INTERVAL '9 days' + INTERVAL '10 hours', NOW() + INTERVAL '9 days' + INTERVAL '13 hours 20 minutes', 'trajet_040', 'vehicule_047', 'conducteur_045', NOW(), NOW()),
('horaire_046', NOW() + INTERVAL '10 days' + INTERVAL '6 hours', NOW() + INTERVAL '10 days' + INTERVAL '8 hours 30 minutes', 'trajet_041', 'vehicule_049', 'conducteur_046', NOW(), NOW()),
('horaire_047', NOW() + INTERVAL '10 days' + INTERVAL '7 hours', NOW() + INTERVAL '10 days' + INTERVAL '10 hours 20 minutes', 'trajet_042', 'vehicule_050', 'conducteur_047', NOW(), NOW()),
('horaire_048', NOW() + INTERVAL '10 days' + INTERVAL '8 hours', NOW() + INTERVAL '10 days' + INTERVAL '12 hours', 'trajet_043', 'vehicule_001', 'conducteur_048', NOW(), NOW()),
('horaire_049', NOW() + INTERVAL '10 days' + INTERVAL '9 hours', NOW() + INTERVAL '10 days' + INTERVAL '9 hours 15 minutes', 'trajet_044', 'vehicule_002', 'conducteur_049', NOW(), NOW()),
('horaire_050', NOW() + INTERVAL '10 days' + INTERVAL '10 hours', NOW() + INTERVAL '10 days' + INTERVAL '11 hours 35 minutes', 'trajet_045', 'vehicule_003', 'conducteur_050', NOW(), NOW()),
('horaire_051', NOW() + INTERVAL '11 days' + INTERVAL '6 hours', NOW() + INTERVAL '11 days' + INTERVAL '6 hours 40 minutes', 'trajet_046', 'vehicule_004', 'conducteur_001', NOW(), NOW()),
('horaire_052', NOW() + INTERVAL '11 days' + INTERVAL '7 hours', NOW() + INTERVAL '11 days' + INTERVAL '8 hours', 'trajet_047', 'vehicule_005', 'conducteur_002', NOW(), NOW()),
('horaire_053', NOW() + INTERVAL '11 days' + INTERVAL '8 hours', NOW() + INTERVAL '11 days' + INTERVAL '8 hours 30 minutes', 'trajet_048', 'vehicule_006', 'conducteur_003', NOW(), NOW()),
('horaire_054', NOW() + INTERVAL '11 days' + INTERVAL '9 hours', NOW() + INTERVAL '11 days' + INTERVAL '9 hours 35 minutes', 'trajet_049', 'vehicule_007', 'conducteur_004', NOW(), NOW()),
('horaire_055', NOW() + INTERVAL '11 days' + INTERVAL '10 hours', NOW() + INTERVAL '11 days' + INTERVAL '11 hours 40 minutes', 'trajet_050', 'vehicule_008', 'conducteur_005', NOW(), NOW()),
('horaire_056', NOW() + INTERVAL '12 days' + INTERVAL '6 hours', NOW() + INTERVAL '12 days' + INTERVAL '10 hours', 'trajet_001', 'vehicule_009', 'conducteur_006', NOW(), NOW()),
('horaire_057', NOW() + INTERVAL '12 days' + INTERVAL '7 hours', NOW() + INTERVAL '12 days' + INTERVAL '8 hours 30 minutes', 'trajet_002', 'vehicule_010', 'conducteur_007', NOW(), NOW()),
('horaire_058', NOW() + INTERVAL '12 days' + INTERVAL '8 hours', NOW() + INTERVAL '12 days' + INTERVAL '9 hours 40 minutes', 'trajet_003', 'vehicule_011', 'conducteur_008', NOW(), NOW()),
('horaire_059', NOW() + INTERVAL '12 days' + INTERVAL '9 hours', NOW() + INTERVAL '12 days' + INTERVAL '12 hours', 'trajet_004', 'vehicule_012', 'conducteur_009', NOW(), NOW()),
('horaire_060', NOW() + INTERVAL '12 days' + INTERVAL '10 hours', NOW() + INTERVAL '12 days' + INTERVAL '17 hours', 'trajet_005', 'vehicule_013', 'conducteur_010', NOW(), NOW());

-- ========================================
-- 6. TABLE RESERVATION (60 réservations)
-- ========================================

INSERT INTO "Reservation" (id, "userId", "horaireId", "nombrePlaces", "numeroSiege", statut, "createdAt", "updatedAt") VALUES
('reservation_001', 'user_001', 'horaire_001', 2, 'A1,A2', 'CONFIRMEE', NOW(), NOW()),
('reservation_002', 'user_002', 'horaire_001', 1, 'B1', 'CONFIRMEE', NOW(), NOW()),
('reservation_003', 'user_003', 'horaire_002', 3, 'A1,A2,A3', 'CONFIRMEE', NOW(), NOW()),
('reservation_004', 'user_004', 'horaire_002', 1, 'B2', 'EN_ATTENTE', NOW(), NOW()),
('reservation_005', 'user_005', 'horaire_003', 2, 'C1,C2', 'CONFIRMEE', NOW(), NOW()),
('reservation_006', 'user_006', 'horaire_003', 4, 'D1,D2,D3,D4', 'CONFIRMEE', NOW(), NOW()),
('reservation_007', 'user_007', 'horaire_004', 1, 'A1', 'CONFIRMEE', NOW(), NOW()),
('reservation_008', 'user_008', 'horaire_004', 2, 'B1,B2', 'EN_ATTENTE', NOW(), NOW()),
('reservation_009', 'user_009', 'horaire_005', 1, 'C1', 'CONFIRMEE', NOW(), NOW()),
('reservation_010', 'user_010', 'horaire_005', 3, 'D1,D2,D3', 'ANNULEE', NOW(), NOW()),
('reservation_011', 'user_011', 'horaire_006', 2, 'A1,A2', 'CONFIRMEE', NOW(), NOW()),
('reservation_012', 'user_012', 'horaire_006', 1, 'B1', 'CONFIRMEE', NOW(), NOW()),
('reservation_013', 'user_013', 'horaire_007', 2, 'C1,C2', 'CONFIRMEE', NOW(), NOW()),
('reservation_014', 'user_014', 'horaire_007', 1, 'D1', 'EN_ATTENTE', NOW(), NOW()),
('reservation_015', 'user_015', 'horaire_008', 3, 'A1,A2,A3', 'CONFIRMEE', NOW(), NOW()),
('reservation_016', 'user_016', 'horaire_008', 2, 'B1,B2', 'CONFIRMEE', NOW(), NOW()),
('reservation_017', 'user_017', 'horaire_009', 1, 'C1', 'CONFIRMEE', NOW(), NOW()),
('reservation_018', 'user_018', 'horaire_009', 2, 'D1,D2', 'CONFIRMEE', NOW(), NOW()),
('reservation_019', 'user_019', 'horaire_010', 1, 'A1', 'EN_ATTENTE', NOW(), NOW()),
('reservation_020', 'user_020', 'horaire_010', 4, 'B1,B2,B3,B4', 'CONFIRMEE', NOW(), NOW()),
('reservation_021', 'user_021', 'horaire_011', 2, 'C1,C2', 'CONFIRMEE', NOW(), NOW()),
('reservation_022', 'user_022', 'horaire_011', 1, 'D1', 'CONFIRMEE', NOW(), NOW()),
('reservation_023', 'user_023', 'horaire_012', 3, 'A1,A2,A3', 'CONFIRMEE', NOW(), NOW()),
('reservation_024', 'user_024', 'horaire_012', 2, 'B1,B2', 'ANNULEE', NOW(), NOW()),
('reservation_025', 'user_025', 'horaire_013', 1, 'C1', 'CONFIRMEE', NOW(), NOW()),
('reservation_026', 'user_026', 'horaire_013', 2, 'D1,D2', 'CONFIRMEE', NOW(), NOW()),
('reservation_027', 'user_027', 'horaire_014', 1, 'A1', 'EN_ATTENTE', NOW(), NOW()),
('reservation_028', 'user_028', 'horaire_014', 3, 'B1,B2,B3', 'CONFIRMEE', NOW(), NOW()),
('reservation_029', 'user_029', 'horaire_015', 2, 'C1,C2', 'CONFIRMEE', NOW(), NOW()),
('reservation_030', 'user_030', 'horaire_015', 1, 'D1', 'CONFIRMEE', NOW(), NOW()),
('reservation_031', 'user_031', 'horaire_016', 2, 'A1,A2', 'CONFIRMEE', NOW(), NOW()),
('reservation_032', 'user_032', 'horaire_016', 1, 'B1', 'CONFIRMEE', NOW(), NOW()),
('reservation_033', 'user_033', 'horaire_017', 3, 'C1,C2,C3', 'EN_ATTENTE', NOW(), NOW()),
('reservation_034', 'user_034', 'horaire_017', 2, 'D1,D2', 'CONFIRMEE', NOW(), NOW()),
('reservation_035', 'user_035', 'horaire_018', 1, 'A1', 'CONFIRMEE', NOW(), NOW()),
('reservation_036', 'user_036', 'horaire_018', 2, 'B1,B2', 'CONFIRMEE', NOW(), NOW()),
('reservation_037', 'user_037', 'horaire_019', 1, 'C1', 'ANNULEE', NOW(), NOW()),
('reservation_038', 'user_038', 'horaire_019', 3, 'D1,D2,D3', 'CONFIRMEE', NOW(), NOW()),
('reservation_039', 'user_039', 'horaire_020', 2, 'A1,A2', 'CONFIRMEE', NOW(), NOW()),
('reservation_040', 'user_040', 'horaire_020', 1, 'B1', 'CONFIRMEE', NOW(), NOW()),
('reservation_041', 'user_041', 'horaire_021', 2, 'C1,C2', 'EN_ATTENTE', NOW(), NOW()),
('reservation_042', 'user_042', 'horaire_021', 1, 'D1', 'CONFIRMEE', NOW(), NOW()),
('reservation_043', 'user_043', 'horaire_022', 3, 'A1,A2,A3', 'CONFIRMEE', NOW(), NOW()),
('reservation_044', 'user_044', 'horaire_022', 2, 'B1,B2', 'CONFIRMEE', NOW(), NOW()),
('reservation_045', 'user_045', 'horaire_023', 1, 'C1', 'CONFIRMEE', NOW(), NOW()),
('reservation_046', 'user_046', 'horaire_023', 2, 'D1,D2', 'CONFIRMEE', NOW(), NOW()),
('reservation_047', 'user_047', 'horaire_024', 1, 'A1', 'CONFIRMEE', NOW(), NOW()),
('reservation_048', 'user_048', 'horaire_024', 3, 'B1,B2,B3', 'EN_ATTENTE', NOW(), NOW()),
('reservation_049', 'user_049', 'horaire_025', 2, 'C1,C2', 'CONFIRMEE', NOW(), NOW()),
('reservation_050', 'user_050', 'horaire_025', 1, 'D1', 'CONFIRMEE', NOW(), NOW()),
('reservation_051', 'user_001', 'horaire_026', 2, 'A1,A2', 'CONFIRMEE', NOW(), NOW()),
('reservation_052', 'user_002', 'horaire_027', 1, 'B1', 'CONFIRMEE', NOW(), NOW()),
('reservation_053', 'user_003', 'horaire_028', 3, 'C1,C2,C3', 'CONFIRMEE', NOW(), NOW()),
('reservation_054', 'user_004', 'horaire_029', 2, 'D1,D2', 'ANNULEE', NOW(), NOW()),
('reservation_055', 'user_005', 'horaire_030', 1, 'A1', 'CONFIRMEE', NOW(), NOW()),
('reservation_056', 'user_006', 'horaire_031', 2, 'B1,B2', 'CONFIRMEE', NOW(), NOW()),
('reservation_057', 'user_007', 'horaire_032', 1, 'C1', 'EN_ATTENTE', NOW(), NOW()),
('reservation_058', 'user_008', 'horaire_033', 3, 'D1,D2,D3', 'CONFIRMEE', NOW(), NOW()),
('reservation_059', 'user_009', 'horaire_034', 2, 'A1,A2', 'CONFIRMEE', NOW(), NOW()),
('reservation_060', 'user_010', 'horaire_035', 1, 'B1', 'CONFIRMEE', NOW(), NOW());

-- ========================================
-- 7. TABLE PAIEMENT (55 paiements)
-- ========================================

INSERT INTO "Paiement" (id, "reservationId", "userId", montant, "methodePaiement", "datePaiement", "numeroFacture", "createdAt", "updatedAt") VALUES
('paiement_001', 'reservation_001', 'user_001', 10000, 'CARTE_BANCAIRE', NOW(), 'FACT-2026-0001', NOW(), NOW()),
('paiement_002', 'reservation_002', 'user_002', 5000, 'MOBILE_MONEY', NOW(), 'FACT-2026-0002', NOW(), NOW()),
('paiement_003', 'reservation_003', 'user_003', 6000, 'CARTE_BANCAIRE', NOW(), 'FACT-2026-0003', NOW(), NOW()),
('paiement_004', 'reservation_005', 'user_005', 5000, 'ESPECES', NOW(), 'FACT-2026-0004', NOW(), NOW()),
('paiement_005', 'reservation_006', 'user_006', 10000, 'MOBILE_MONEY', NOW(), 'FACT-2026-0005', NOW(), NOW()),
('paiement_006', 'reservation_007', 'user_007', 4000, 'CARTE_BANCAIRE', NOW(), 'FACT-2026-0006', NOW(), NOW()),
('paiement_007', 'reservation_009', 'user_009', 8000, 'MOBILE_MONEY', NOW(), 'FACT-2026-0007', NOW(), NOW()),
('paiement_008', 'reservation_011', 'user_011', 10000, 'CARTE_BANCAIRE', NOW(), 'FACT-2026-0008', NOW(), NOW()),
('paiement_009', 'reservation_012', 'user_012', 5000, 'ESPECES', NOW(), 'FACT-2026-0009', NOW(), NOW()),
('paiement_010', 'reservation_013', 'user_013', 4000, 'MOBILE_MONEY', NOW(), 'FACT-2026-0010', NOW(), NOW()),
('paiement_011', 'reservation_015', 'user_015', 7500, 'CARTE_BANCAIRE', NOW(), 'FACT-2026-0011', NOW(), NOW()),
('paiement_012', 'reservation_016', 'user_016', 5000, 'MOBILE_MONEY', NOW(), 'FACT-2026-0012', NOW(), NOW()),
('paiement_013', 'reservation_017', 'user_017', 4000, 'ESPECES', NOW(), 'FACT-2026-0013', NOW(), NOW()),
('paiement_014', 'reservation_018', 'user_018', 8000, 'CARTE_BANCAIRE', NOW(), 'FACT-2026-0014', NOW(), NOW()),
('paiement_015', 'reservation_020', 'user_020', 32000, 'MOBILE_MONEY', NOW(), 'FACT-2026-0015', NOW(), NOW()),
('paiement_016', 'reservation_021', 'user_021', 17000, 'CARTE_BANCAIRE', NOW(), 'FACT-2026-0016', NOW(), NOW()),
('paiement_017', 'reservation_022', 'user_022', 8500, 'ESPECES', NOW(), 'FACT-2026-0017', NOW(), NOW()),
('paiement_018', 'reservation_023', 'user_023', 13500, 'MOBILE_MONEY', NOW(), 'FACT-2026-0018', NOW(), NOW()),
('paiement_019', 'reservation_025', 'user_025', 3500, 'CARTE_BANCAIRE', NOW(), 'FACT-2026-0019', NOW(), NOW()),
('paiement_020', 'reservation_026', 'user_026', 7000, 'MOBILE_MONEY', NOW(), 'FACT-2026-0020', NOW(), NOW()),
('paiement_021', 'reservation_028', 'user_028', 12000, 'ESPECES', NOW(), 'FACT-2026-0021', NOW(), NOW()),
('paiement_022', 'reservation_029', 'user_029', 7000, 'CARTE_BANCAIRE', NOW(), 'FACT-2026-0022', NOW(), NOW()),
('paiement_023', 'reservation_030', 'user_030', 3500, 'MOBILE_MONEY', NOW(), 'FACT-2026-0023', NOW(), NOW()),
('paiement_024', 'reservation_031', 'user_031', 10000, 'CARTE_BANCAIRE', NOW(), 'FACT-2026-0024', NOW(), NOW()),
('paiement_025', 'reservation_032', 'user_032', 5000, 'ESPECES', NOW(), 'FACT-2026-0025', NOW(), NOW()),
('paiement_026', 'reservation_034', 'user_034', 4000, 'MOBILE_MONEY', NOW(), 'FACT-2026-0026', NOW(), NOW()),
('paiement_027', 'reservation_035', 'user_035', 6500, 'CARTE_BANCAIRE', NOW(), 'FACT-2026-0027', NOW(), NOW()),
('paiement_028', 'reservation_036', 'user_036', 13000, 'MOBILE_MONEY', NOW(), 'FACT-2026-0028', NOW(), NOW()),
('paiement_029', 'reservation_038', 'user_038', 6000, 'ESPECES', NOW(), 'FACT-2026-0029', NOW(), NOW()),
('paiement_030', 'reservation_039', 'user_039', 3000, 'CARTE_BANCAIRE', NOW(), 'FACT-2026-0030', NOW(), NOW()),
('paiement_031', 'reservation_040', 'user_040', 1500, 'MOBILE_MONEY', NOW(), 'FACT-2026-0031', NOW(), NOW()),
('paiement_032', 'reservation_042', 'user_042', 3000, 'CARTE_BANCAIRE', NOW(), 'FACT-2026-0032', NOW(), NOW()),
('paiement_033', 'reservation_043', 'user_043', 7500, 'ESPECES', NOW(), 'FACT-2026-0033', NOW(), NOW()),
('paiement_034', 'reservation_044', 'user_044', 5000, 'MOBILE_MONEY', NOW(), 'FACT-2026-0034', NOW(), NOW()),
('paiement_035', 'reservation_045', 'user_045', 3000, 'CARTE_BANCAIRE', NOW(), 'FACT-2026-0035', NOW(), NOW()),
('paiement_036', 'reservation_046', 'user_046', 6000, 'MOBILE_MONEY', NOW(), 'FACT-2026-0036', NOW(), NOW()),
('paiement_037', 'reservation_047', 'user_047', 500, 'ESPECES', NOW(), 'FACT-2026-0037', NOW(), NOW()),
('paiement_038', 'reservation_049', 'user_049', 8000, 'CARTE_BANCAIRE', NOW(), 'FACT-2026-0038', NOW(), NOW()),
('paiement_039', 'reservation_050', 'user_050', 4000, 'MOBILE_MONEY', NOW(), 'FACT-2026-0039', NOW(), NOW()),
('paiement_040', 'reservation_051', 'user_001', 11000, 'CARTE_BANCAIRE', NOW(), 'FACT-2026-0040', NOW(), NOW()),
('paiement_041', 'reservation_052', 'user_002', 5500, 'ESPECES', NOW(), 'FACT-2026-0041', NOW(), NOW()),
('paiement_042', 'reservation_053', 'user_003', 4500, 'MOBILE_MONEY', NOW(), 'FACT-2026-0042', NOW(), NOW()),
('paiement_043', 'reservation_055', 'user_005', 3500, 'CARTE_BANCAIRE', NOW(), 'FACT-2026-0043', NOW(), NOW()),
('paiement_044', 'reservation_056', 'user_006', 2000, 'MOBILE_MONEY', NOW(), 'FACT-2026-0044', NOW(), NOW()),
('paiement_045', 'reservation_058', 'user_008', 15000, 'ESPECES', NOW(), 'FACT-2026-0045', NOW(), NOW()),
('paiement_046', 'reservation_059', 'user_009', 11000, 'CARTE_BANCAIRE', NOW(), 'FACT-2026-0046', NOW(), NOW()),
('paiement_047', 'reservation_060', 'user_010', 4500, 'MOBILE_MONEY', NOW(), 'FACT-2026-0047', NOW(), NOW()),
('paiement_048', 'reservation_001', 'user_001', 500, 'ESPECES', NOW(), 'FACT-2026-0048', NOW(), NOW()),
('paiement_049', 'reservation_003', 'user_003', 300, 'CARTE_BANCAIRE', NOW(), 'FACT-2026-0049', NOW(), NOW()),
('paiement_050', 'reservation_005', 'user_005', 250, 'MOBILE_MONEY', NOW(), 'FACT-2026-0050', NOW(), NOW()),
('paiement_051', 'reservation_007', 'user_007', 400, 'CARTE_BANCAIRE', NOW(), 'FACT-2026-0051', NOW(), NOW()),
('paiement_052', 'reservation_009', 'user_009', 350, 'ESPECES', NOW(), 'FACT-2026-0052', NOW(), NOW()),
('paiement_053', 'reservation_011', 'user_011', 450, 'MOBILE_MONEY', NOW(), 'FACT-2026-0053', NOW(), NOW()),
('paiement_054', 'reservation_013', 'user_013', 200, 'CARTE_BANCAIRE', NOW(), 'FACT-2026-0054', NOW(), NOW()),
('paiement_055', 'reservation_015', 'user_015', 550, 'ESPECES', NOW(), 'FACT-2026-0055', NOW(), NOW());

-- ========================================
-- 8. TABLE ABONNEMENT (50 abonnements)
-- ========================================

INSERT INTO "Abonnement" (id, "userId", type, "dateDebut", "dateFin", reduction, "trajetsInclus", "createdAt", "updatedAt") VALUES
('abonnement_001', 'user_001', 'MENSUEL', NOW(), NOW() + INTERVAL '30 days', 10, 20, NOW(), NOW()),
('abonnement_002', 'user_002', 'ANNUEL', NOW(), NOW() + INTERVAL '365 days', 20, 200, NOW(), NOW()),
('abonnement_003', 'user_003', 'MENSUEL', NOW(), NOW() + INTERVAL '30 days', 10, 20, NOW(), NOW()),
('abonnement_004', 'user_004', 'MENSUEL', NOW(), NOW() + INTERVAL '30 days', 10, 20, NOW(), NOW()),
('abonnement_005', 'user_005', 'ANNUEL', NOW(), NOW() + INTERVAL '365 days', 20, 200, NOW(), NOW()),
('abonnement_006', 'user_006', 'MENSUEL', NOW(), NOW() + INTERVAL '30 days', 10, 20, NOW(), NOW()),
('abonnement_007', 'user_007', 'MENSUEL', NOW(), NOW() + INTERVAL '30 days', 10, 20, NOW(), NOW()),
('abonnement_008', 'user_008', 'ANNUEL', NOW(), NOW() + INTERVAL '365 days', 20, 200, NOW(), NOW()),
('abonnement_009', 'user_009', 'MENSUEL', NOW(), NOW() + INTERVAL '30 days', 10, 20, NOW(), NOW()),
('abonnement_010', 'user_010', 'MENSUEL', NOW(), NOW() + INTERVAL '30 days', 10, 20, NOW(), NOW()),
('abonnement_011', 'user_011', 'ANNUEL', NOW(), NOW() + INTERVAL '365 days', 20, 200, NOW(), NOW()),
('abonnement_012', 'user_012', 'MENSUEL', NOW(), NOW() + INTERVAL '30 days', 10, 20, NOW(), NOW()),
('abonnement_013', 'user_013', 'MENSUEL', NOW(), NOW() + INTERVAL '30 days', 10, 20, NOW(), NOW()),
('abonnement_014', 'user_014', 'ANNUEL', NOW(), NOW() + INTERVAL '365 days', 20, 200, NOW(), NOW()),
('abonnement_015', 'user_015', 'MENSUEL', NOW(), NOW() + INTERVAL '30 days', 10, 20, NOW(), NOW()),
('abonnement_016', 'user_016', 'MENSUEL', NOW(), NOW() + INTERVAL '30 days', 10, 20, NOW(), NOW()),
('abonnement_017', 'user_017', 'ANNUEL', NOW(), NOW() + INTERVAL '365 days', 20, 200, NOW(), NOW()),
('abonnement_018', 'user_018', 'MENSUEL', NOW(), NOW() + INTERVAL '30 days', 10, 20, NOW(), NOW()),
('abonnement_019', 'user_019', 'MENSUEL', NOW(), NOW() + INTERVAL '30 days', 10, 20, NOW(), NOW()),
('abonnement_020', 'user_020', 'ANNUEL', NOW(), NOW() + INTERVAL '365 days', 20, 200, NOW(), NOW()),
('abonnement_021', 'user_021', 'MENSUEL', NOW(), NOW() + INTERVAL '30 days', 10, 20, NOW(), NOW()),
('abonnement_022', 'user_022', 'MENSUEL', NOW(), NOW() + INTERVAL '30 days', 10, 20, NOW(), NOW()),
('abonnement_023', 'user_023', 'ANNUEL', NOW(), NOW() + INTERVAL '365 days', 20, 200, NOW(), NOW()),
('abonnement_024', 'user_024', 'MENSUEL', NOW(), NOW() + INTERVAL '30 days', 10, 20, NOW(), NOW()),
('abonnement_025', 'user_025', 'MENSUEL', NOW(), NOW() + INTERVAL '30 days', 10, 20, NOW(), NOW()),
('abonnement_026', 'user_026', 'ANNUEL', NOW(), NOW() + INTERVAL '365 days', 20, 200, NOW(), NOW()),
('abonnement_027', 'user_027', 'MENSUEL', NOW(), NOW() + INTERVAL '30 days', 10, 20, NOW(), NOW()),
('abonnement_028', 'user_028', 'MENSUEL', NOW(), NOW() + INTERVAL '30 days', 10, 20, NOW(), NOW()),
('abonnement_029', 'user_029', 'ANNUEL', NOW(), NOW() + INTERVAL '365 days', 20, 200, NOW(), NOW()),
('abonnement_030', 'user_030', 'MENSUEL', NOW(), NOW() + INTERVAL '30 days', 10, 20, NOW(), NOW()),
('abonnement_031', 'user_031', 'MENSUEL', NOW(), NOW() + INTERVAL '30 days', 10, 20, NOW(), NOW()),
('abonnement_032', 'user_032', 'ANNUEL', NOW(), NOW() + INTERVAL '365 days', 20, 200, NOW(), NOW()),
('abonnement_033', 'user_033', 'MENSUEL', NOW(), NOW() + INTERVAL '30 days', 10, 20, NOW(), NOW()),
('abonnement_034', 'user_034', 'MENSUEL', NOW(), NOW() + INTERVAL '30 days', 10, 20, NOW(), NOW()),
('abonnement_035', 'user_035', 'ANNUEL', NOW(), NOW() + INTERVAL '365 days', 20, 200, NOW(), NOW()),
('abonnement_036', 'user_036', 'MENSUEL', NOW(), NOW() + INTERVAL '30 days', 10, 20, NOW(), NOW()),
('abonnement_037', 'user_037', 'MENSUEL', NOW(), NOW() + INTERVAL '30 days', 10, 20, NOW(), NOW()),
('abonnement_038', 'user_038', 'ANNUEL', NOW(), NOW() + INTERVAL '365 days', 20, 200, NOW(), NOW()),
('abonnement_039', 'user_039', 'MENSUEL', NOW(), NOW() + INTERVAL '30 days', 10, 20, NOW(), NOW()),
('abonnement_040', 'user_040', 'MENSUEL', NOW(), NOW() + INTERVAL '30 days', 10, 20, NOW(), NOW()),
('abonnement_041', 'user_041', 'ANNUEL', NOW(), NOW() + INTERVAL '365 days', 20, 200, NOW(), NOW()),
('abonnement_042', 'user_042', 'MENSUEL', NOW(), NOW() + INTERVAL '30 days', 10, 20, NOW(), NOW()),
('abonnement_043', 'user_043', 'MENSUEL', NOW(), NOW() + INTERVAL '30 days', 10, 20, NOW(), NOW()),
('abonnement_044', 'user_044', 'ANNUEL', NOW(), NOW() + INTERVAL '365 days', 20, 200, NOW(), NOW()),
('abonnement_045', 'user_045', 'MENSUEL', NOW(), NOW() + INTERVAL '30 days', 10, 20, NOW(), NOW()),
('abonnement_046', 'user_046', 'MENSUEL', NOW(), NOW() + INTERVAL '30 days', 10, 20, NOW(), NOW()),
('abonnement_047', 'user_047', 'ANNUEL', NOW(), NOW() + INTERVAL '365 days', 20, 200, NOW(), NOW()),
('abonnement_048', 'user_048', 'MENSUEL', NOW(), NOW() + INTERVAL '30 days', 10, 20, NOW(), NOW()),
('abonnement_049', 'user_049', 'MENSUEL', NOW(), NOW() + INTERVAL '30 days', 10, 20, NOW(), NOW()),
('abonnement_050', 'user_050', 'ANNUEL', NOW(), NOW() + INTERVAL '365 days', 20, 200, NOW(), NOW());

-- ========================================
-- 9. TABLE REDUCTION (50 réductions)
-- ========================================

INSERT INTO "Reduction" (id, type, pourcentage, description, "dateDebut", "dateFin", actif, "createdAt", "updatedAt") VALUES
('reduction_001', 'ETUDIANT', 15, 'Réduction pour les étudiants', NOW(), NOW() + INTERVAL '365 days', true, NOW(), NOW()),
('reduction_002', 'SENIOR', 20, 'Réduction pour les seniors (+60 ans)', NOW(), NOW() + INTERVAL '365 days', true, NOW(), NOW()),
('reduction_003', 'FAMILLE', 25, 'Réduction famille nombreuse', NOW(), NOW() + INTERVAL '365 days', true, NOW(), NOW()),
('reduction_004', 'GROUPE', 30, 'Réduction pour groupes (+10 personnes)', NOW(), NOW() + INTERVAL '365 days', true, NOW(), NOW()),
('reduction_005', 'EARLY_BIRD', 10, 'Réservation anticipée (7j avant)', NOW(), NOW() + INTERVAL '365 days', true, NOW(), NOW()),
('reduction_006', 'FIDÉLITÉ', 5, 'Programme de fidélité', NOW(), NOW() + INTERVAL '365 days', true, NOW(), NOW()),
('reduction_007', 'WEEKEND', 15, 'Réduction weekend', NOW(), NOW() + INTERVAL '365 days', true, NOW(), NOW()),
('reduction_008', 'NUIT', 20, 'Trajets de nuit', NOW(), NOW() + INTERVAL '365 days', true, NOW(), NOW()),
('reduction_009', 'PROMO_ETE', 25, 'Promotion été 2026', NOW(), NOW() + INTERVAL '90 days', true, NOW(), NOW()),
('reduction_010', 'PROMO_HIVER', 20, 'Promotion hiver 2026', NOW() + INTERVAL '180 days', NOW() + INTERVAL '270 days', false, NOW(), NOW()),
('reduction_011', 'NOUVEL_AN', 30, 'Promotion Nouvel An', NOW(), NOW() + INTERVAL '30 days', true, NOW(), NOW()),
('reduction_012', 'TABASKI', 15, 'Promotion Tabaski', NOW() + INTERVAL '60 days', NOW() + INTERVAL '75 days', false, NOW(), NOW()),
('reduction_013', 'KORITÉ', 15, 'Promotion Korité', NOW() + INTERVAL '120 days', NOW() + INTERVAL '135 days', false, NOW(), NOW()),
('reduction_014', 'MAGAL', 20, 'Promotion Grand Magal', NOW() + INTERVAL '200 days', NOW() + INTERVAL '210 days', false, NOW(), NOW()),
('reduction_015', 'GAMOU', 20, 'Promotion Gamou', NOW() + INTERVAL '250 days', NOW() + INTERVAL '260 days', false, NOW(), NOW()),
('reduction_016', 'HANDICAPÉ', 50, 'Réduction personnes handicapées', NOW(), NOW() + INTERVAL '365 days', true, NOW(), NOW()),
('reduction_017', 'MILITAIRE', 25, 'Réduction militaires', NOW(), NOW() + INTERVAL '365 days', true, NOW(), NOW()),
('reduction_018', 'FONCTIONNAIRE', 10, 'Réduction fonctionnaires', NOW(), NOW() + INTERVAL '365 days', true, NOW(), NOW()),
('reduction_019', 'PRESSE', 15, 'Réduction journalistes', NOW(), NOW() + INTERVAL '365 days', true, NOW(), NOW()),
('reduction_020', 'ALLER_RETOUR', 10, 'Réduction aller-retour', NOW(), NOW() + INTERVAL '365 days', true, NOW(), NOW()),
('reduction_021', 'FLASH_SALE', 40, 'Vente flash 24h', NOW(), NOW() + INTERVAL '1 day', true, NOW(), NOW()),
('reduction_022', 'PARRAINAGE', 15, 'Réduction parrainage', NOW(), NOW() + INTERVAL '365 days', true, NOW(), NOW()),
('reduction_023', 'PREMIÈRE_RÉSA', 20, 'Première réservation', NOW(), NOW() + INTERVAL '365 days', true, NOW(), NOW()),
('reduction_024', 'ANNIVERSAIRE', 25, 'Réduction anniversaire client', NOW(), NOW() + INTERVAL '365 days', true, NOW(), NOW()),
('reduction_025', 'CORPORATE', 20, 'Réduction entreprises partenaires', NOW(), NOW() + INTERVAL '365 days', true, NOW(), NOW()),
('reduction_026', 'ONG', 30, 'Réduction ONG et associations', NOW(), NOW() + INTERVAL '365 days', true, NOW(), NOW()),
('reduction_027', 'SPORTIF', 15, 'Réduction sportifs licenciés', NOW(), NOW() + INTERVAL '365 days', true, NOW(), NOW()),
('reduction_028', 'ARTISTE', 15, 'Réduction artistes', NOW(), NOW() + INTERVAL '365 days', true, NOW(), NOW()),
('reduction_029', 'ENSEIGNANT', 15, 'Réduction enseignants', NOW(), NOW() + INTERVAL '365 days', true, NOW(), NOW()),
('reduction_030', 'MÉDICAL', 20, 'Réduction personnel médical', NOW(), NOW() + INTERVAL '365 days', true, NOW(), NOW()),
('reduction_031', 'PROMO_DAKAR_STLOUIS', 15, 'Promo ligne Dakar-Saint-Louis', NOW(), NOW() + INTERVAL '60 days', true, NOW(), NOW()),
('reduction_032', 'PROMO_DAKAR_TOUBA', 20, 'Promo ligne Dakar-Touba', NOW(), NOW() + INTERVAL '60 days', true, NOW(), NOW()),
('reduction_033', 'PROMO_DAKAR_ZIGUI', 25, 'Promo ligne Dakar-Ziguinchor', NOW(), NOW() + INTERVAL '60 days', true, NOW(), NOW()),
('reduction_034', 'PROMO_DAKAR_TAMB', 20, 'Promo ligne Dakar-Tambacounda', NOW(), NOW() + INTERVAL '60 days', true, NOW(), NOW()),
('reduction_035', 'PROMO_DAKAR_KAOLACK', 15, 'Promo ligne Dakar-Kaolack', NOW(), NOW() + INTERVAL '60 days', true, NOW(), NOW()),
('reduction_036', 'LUNDI', 10, 'Réduction lundi', NOW(), NOW() + INTERVAL '365 days', true, NOW(), NOW()),
('reduction_037', 'MARDI', 10, 'Réduction mardi', NOW(), NOW() + INTERVAL '365 days', true, NOW(), NOW()),
('reduction_038', 'MERCREDI', 10, 'Réduction mercredi', NOW(), NOW() + INTERVAL '365 days', true, NOW(), NOW()),
('reduction_039', 'JEUDI', 10, 'Réduction jeudi', NOW(), NOW() + INTERVAL '365 days', true, NOW(), NOW()),
('reduction_040', 'VENDREDI', 5, 'Réduction vendredi', NOW(), NOW() + INTERVAL '365 days', true, NOW(), NOW()),
('reduction_041', 'MATIN', 10, 'Réduction départ matin (6h-9h)', NOW(), NOW() + INTERVAL '365 days', true, NOW(), NOW()),
('reduction_042', 'MIDI', 5, 'Réduction départ midi (11h-14h)', NOW(), NOW() + INTERVAL '365 days', true, NOW(), NOW()),
('reduction_043', 'SOIR', 10, 'Réduction départ soir (18h-21h)', NOW(), NOW() + INTERVAL '365 days', true, NOW(), NOW()),
('reduction_044', 'DERNIÈRE_MINUTE', 35, 'Réduction dernière minute', NOW(), NOW() + INTERVAL '365 days', true, NOW(), NOW()),
('reduction_045', 'MULTI_TRAJETS', 20, 'Réduction multi-trajets (3+)', NOW(), NOW() + INTERVAL '365 days', true, NOW(), NOW()),
('reduction_046', 'ABONNÉ_MENSUEL', 10, 'Réduction abonnés mensuels', NOW(), NOW() + INTERVAL '365 days', true, NOW(), NOW()),
('reduction_047', 'ABONNÉ_ANNUEL', 15, 'Réduction abonnés annuels', NOW(), NOW() + INTERVAL '365 days', true, NOW(), NOW()),
('reduction_048', 'VIP', 25, 'Réduction clients VIP', NOW(), NOW() + INTERVAL '365 days', true, NOW(), NOW()),
('reduction_049', 'CARTE_JEUNE', 20, 'Réduction carte jeune (-26 ans)', NOW(), NOW() + INTERVAL '365 days', true, NOW(), NOW()),
('reduction_050', 'CARTE_SENIOR', 25, 'Réduction carte senior (+65 ans)', NOW(), NOW() + INTERVAL '365 days', true, NOW(), NOW());

-- ========================================
-- 10. TABLE BAGAGE (55 bagages)
-- ========================================

INSERT INTO "Bagage" (id, "reservationId", poids, volume, "estGratuit", supplement, etiquette, "createdAt", "updatedAt") VALUES
('bagage_001', 'reservation_001', 15, 0.05, true, NULL, 'BAG-001-A', NOW(), NOW()),
('bagage_002', 'reservation_001', 20, 0.08, true, NULL, 'BAG-001-B', NOW(), NOW()),
('bagage_003', 'reservation_002', 10, 0.03, true, NULL, 'BAG-002-A', NOW(), NOW()),
('bagage_004', 'reservation_003', 25, 0.10, false, 2000, 'BAG-003-A', NOW(), NOW()),
('bagage_005', 'reservation_003', 18, 0.06, true, NULL, 'BAG-003-B', NOW(), NOW()),
('bagage_006', 'reservation_005', 12, 0.04, true, NULL, 'BAG-005-A', NOW(), NOW()),
('bagage_007', 'reservation_006', 30, 0.12, false, 3000, 'BAG-006-A', NOW(), NOW()),
('bagage_008', 'reservation_006', 15, 0.05, true, NULL, 'BAG-006-B', NOW(), NOW()),
('bagage_009', 'reservation_007', 8, 0.02, true, NULL, 'BAG-007-A', NOW(), NOW()),
('bagage_010', 'reservation_009', 20, 0.08, true, NULL, 'BAG-009-A', NOW(), NOW()),
('bagage_011', 'reservation_011', 22, 0.09, false, 1000, 'BAG-011-A', NOW(), NOW()),
('bagage_012', 'reservation_012', 14, 0.05, true, NULL, 'BAG-012-A', NOW(), NOW()),
('bagage_013', 'reservation_013', 16, 0.06, true, NULL, 'BAG-013-A', NOW(), NOW()),
('bagage_014', 'reservation_015', 28, 0.11, false, 2500, 'BAG-015-A', NOW(), NOW()),
('bagage_015', 'reservation_016', 19, 0.07, true, NULL, 'BAG-016-A', NOW(), NOW()),
('bagage_016', 'reservation_017', 11, 0.04, true, NULL, 'BAG-017-A', NOW(), NOW()),
('bagage_017', 'reservation_018', 17, 0.06, true, NULL, 'BAG-018-A', NOW(), NOW()),
('bagage_018', 'reservation_020', 35, 0.15, false, 4000, 'BAG-020-A', NOW(), NOW()),
('bagage_019', 'reservation_020', 20, 0.08, true, NULL, 'BAG-020-B', NOW(), NOW()),
('bagage_020', 'reservation_021', 13, 0.04, true, NULL, 'BAG-021-A', NOW(), NOW()),
('bagage_021', 'reservation_022', 9, 0.03, true, NULL, 'BAG-022-A', NOW(), NOW()),
('bagage_022', 'reservation_023', 24, 0.10, false, 1500, 'BAG-023-A', NOW(), NOW()),
('bagage_023', 'reservation_025', 7, 0.02, true, NULL, 'BAG-025-A', NOW(), NOW()),
('bagage_024', 'reservation_026', 18, 0.07, true, NULL, 'BAG-026-A', NOW(), NOW()),
('bagage_025', 'reservation_028', 21, 0.08, false, 500, 'BAG-028-A', NOW(), NOW()),
('bagage_026', 'reservation_029', 15, 0.05, true, NULL, 'BAG-029-A', NOW(), NOW()),
('bagage_027', 'reservation_030', 10, 0.03, true, NULL, 'BAG-030-A', NOW(), NOW()),
('bagage_028', 'reservation_031', 26, 0.10, false, 2000, 'BAG-031-A', NOW(), NOW()),
('bagage_029', 'reservation_032', 12, 0.04, true, NULL, 'BAG-032-A', NOW(), NOW()),
('bagage_030', 'reservation_034', 14, 0.05, true, NULL, 'BAG-034-A', NOW(), NOW()),
('bagage_031', 'reservation_035', 8, 0.02, true, NULL, 'BAG-035-A', NOW(), NOW()),
('bagage_032', 'reservation_036', 19, 0.07, true, NULL, 'BAG-036-A', NOW(), NOW()),
('bagage_033', 'reservation_038', 23, 0.09, false, 1000, 'BAG-038-A', NOW(), NOW()),
('bagage_034', 'reservation_039', 11, 0.04, true, NULL, 'BAG-039-A', NOW(), NOW()),
('bagage_035', 'reservation_040', 6, 0.02, true, NULL, 'BAG-040-A', NOW(), NOW()),
('bagage_036', 'reservation_042', 16, 0.06, true, NULL, 'BAG-042-A', NOW(), NOW()),
('bagage_037', 'reservation_043', 27, 0.11, false, 2500, 'BAG-043-A', NOW(), NOW()),
('bagage_038', 'reservation_044', 13, 0.04, true, NULL, 'BAG-044-A', NOW(), NOW()),
('bagage_039', 'reservation_045', 9, 0.03, true, NULL, 'BAG-045-A', NOW(), NOW()),
('bagage_040', 'reservation_046', 17, 0.06, true, NULL, 'BAG-046-A', NOW(), NOW()),
('bagage_041', 'reservation_047', 5, 0.01, true, NULL, 'BAG-047-A', NOW(), NOW()),
('bagage_042', 'reservation_049', 20, 0.08, true, NULL, 'BAG-049-A', NOW(), NOW()),
('bagage_043', 'reservation_050', 14, 0.05, true, NULL, 'BAG-050-A', NOW(), NOW()),
('bagage_044', 'reservation_051', 22, 0.09, false, 1000, 'BAG-051-A', NOW(), NOW()),
('bagage_045', 'reservation_052', 10, 0.03, true, NULL, 'BAG-052-A', NOW(), NOW()),
('bagage_046', 'reservation_053', 18, 0.07, true, NULL, 'BAG-053-A', NOW(), NOW()),
('bagage_047', 'reservation_055', 12, 0.04, true, NULL, 'BAG-055-A', NOW(), NOW()),
('bagage_048', 'reservation_056', 8, 0.02, true, NULL, 'BAG-056-A', NOW(), NOW()),
('bagage_049', 'reservation_058', 25, 0.10, false, 2000, 'BAG-058-A', NOW(), NOW()),
('bagage_050', 'reservation_059', 15, 0.05, true, NULL, 'BAG-059-A', NOW(), NOW()),
('bagage_051', 'reservation_060', 11, 0.04, true, NULL, 'BAG-060-A', NOW(), NOW()),
('bagage_052', 'reservation_002', 7, 0.02, true, NULL, 'BAG-002-B', NOW(), NOW()),
('bagage_053', 'reservation_005', 16, 0.06, true, NULL, 'BAG-005-B', NOW(), NOW()),
('bagage_054', 'reservation_007', 13, 0.04, true, NULL, 'BAG-007-B', NOW(), NOW()),
('bagage_055', 'reservation_009', 19, 0.07, true, NULL, 'BAG-009-B', NOW(), NOW());

-- ========================================
-- FIN DU SCRIPT
-- ========================================

-- Résumé des données insérées:
-- User: 50 clients + 1 admin = 51 utilisateurs
-- Trajet: 50 trajets
-- Vehicule: 50 véhicules
-- Conducteur: 50 conducteurs
-- Horaire: 60 horaires
-- Reservation: 60 réservations
-- Paiement: 55 paiements
-- Abonnement: 50 abonnements
-- Reduction: 50 réductions
-- Bagage: 55 bagages
